run_utc,station_id,name,obs_utc,temp_c
2026-06-27T12:23:36Z,10015,HELGOLAND,2026-06-27T11:00:00Z,24.5
2026-06-27T12:23:36Z,10020,LIST/SYLT,2026-06-27T11:00:00Z,27.1
2026-06-27T12:23:36Z,10022,LECK,2026-06-27T11:00:00Z,29.7
2026-06-27T12:23:36Z,10028,ST. PETER ORDING,2026-06-27T11:00:00Z,28.6
2026-06-27T12:23:36Z,10033,FLENSBURG,2026-06-27T11:00:00Z,31.4
2026-06-27T12:23:36Z,10035,SCHLESWIG,2026-06-26T13:00:00Z,30.8
2026-06-27T12:23:36Z,10037,SCHLESWIG-JAGEL,2026-06-27T11:00:00Z,34.1
2026-06-27T12:23:36Z,10038,HOHN,2026-06-27T11:00:00Z,33.9
2026-06-27T12:23:36Z,10042,OLPENITZ,2026-06-27T11:00:00Z,29.4
2026-06-27T12:23:36Z,10046,KIEL-H.,2026-06-27T11:00:00Z,33.8
2026-06-27T12:23:36Z,10055,WESTERMARKELSDORF,2026-06-27T11:00:00Z,30.6
2026-06-27T12:23:36Z,10091,ARKONA,2026-06-27T11:00:00Z,29.6
2026-06-27T12:23:36Z,10093,PUTBUS,2026-06-27T11:00:00Z,32.2
2026-06-27T12:23:36Z,10097,GREIFSWALDER OIE,2026-06-27T11:00:00Z,27.7
2026-06-27T12:23:36Z,10113,NORDERNEY,2026-06-27T11:00:00Z,22.7
2026-06-27T12:23:36Z,10124,LEUCHTTURM A. WESER,2026-06-27T11:00:00Z,22.9
2026-06-27T12:23:36Z,10126,WITTMUNDHAVEN,2026-06-27T11:00:00Z,31.4
2026-06-27T12:23:36Z,10129,BREMERHAVEN,2026-06-27T11:00:00Z,35.3
2026-06-27T12:23:36Z,10130,ELPERSBUETTEL,2026-06-27T11:00:00Z,33.1
2026-06-27T12:23:36Z,10131,CUXHAVEN,2026-06-27T11:00:00Z,27.8
2026-06-27T12:23:36Z,10136,NORDHOLZ,2026-06-27T11:00:00Z,32.6
2026-06-27T12:23:36Z,10139,BREMERVOERDE,2026-06-27T11:00:00Z,35.2
2026-06-27T12:23:36Z,10142,ITZEHOE,2026-06-27T11:00:00Z,34.5
2026-06-27T12:23:36Z,10146,QUICKBORN,2026-06-27T11:00:00Z,36.0
2026-06-27T12:23:36Z,10147,HAMBURG-FU.,2026-06-27T11:00:00Z,36.0
2026-06-27T12:23:36Z,10150,DOERNICK,2026-06-27T11:00:00Z,33.0
2026-06-27T12:23:36Z,10152,PELZERHAKEN,2026-06-27T11:00:00Z,31.0
2026-06-27T12:23:36Z,10156,LUEBECK,2026-06-27T11:00:00Z,35.5
2026-06-27T12:23:36Z,10161,BOLTENHAGEN,2026-06-27T11:00:00Z,31.4
2026-06-27T12:23:36Z,10162,SCHWERIN,2026-06-27T11:00:00Z,34.7
2026-06-27T12:23:36Z,10168,GOLDBERG,2026-06-27T11:00:00Z,35.1
2026-06-27T12:23:36Z,10170,WARNEMUENDE,2026-06-27T11:00:00Z,35.0
2026-06-27T12:23:36Z,10172,LAAGE,2026-06-27T11:00:00Z,34.4
2026-06-27T12:23:36Z,10180,BARTH,2026-06-27T11:00:00Z,32.7
2026-06-27T12:23:36Z,10184,GREIFSWALD,2026-06-27T11:00:00Z,34.9
2026-06-27T12:23:36Z,10193,UECKERMUENDE,2026-06-27T11:00:00Z,36.5
2026-06-27T12:23:36Z,10200,EMDEN-FLUGPLATZ,2026-06-27T11:00:00Z,28.9
2026-06-27T12:23:36Z,10210,FRIESOYTHE-ALTENOYTH,2026-06-27T11:00:00Z,32.5
2026-06-27T12:23:36Z,10224,BREMEN,2026-06-27T11:00:00Z,35.6
2026-06-27T12:23:36Z,10235,SOLTAU,2026-06-27T11:00:00Z,37.7
2026-06-27T12:23:36Z,10238,BERGEN-HOHNE,2026-06-27T11:00:00Z,36.5
2026-06-27T12:23:36Z,10246,FASSBERG,2026-06-27T11:00:00Z,37.6
2026-06-27T12:23:36Z,10249,BOIZENBURG,2026-06-27T11:00:00Z,35.7
2026-06-27T12:23:36Z,10253,LUECHOW,2026-06-27T11:00:00Z,36.9
2026-06-27T12:23:36Z,10261,SEEHAUSEN,2026-06-27T11:00:00Z,38.7
2026-06-27T12:23:36Z,10264,MARNITZ,2026-06-27T11:00:00Z,36.7
2026-06-27T12:23:36Z,10267,KYRITZ,2026-06-27T11:00:00Z,36.9
2026-06-27T12:23:36Z,10268,WAREN,2026-06-27T11:00:00Z,33.7
2026-06-27T12:23:36Z,10271,NEURUPPIN-ALT RUPPIN,2026-06-27T11:00:00Z,36.2
2026-06-27T12:23:36Z,10281,TROLLENHAGEN,2026-06-27T11:00:00Z,35.3
2026-06-27T12:23:36Z,10282,FELDBERG/MECKLENBURG,2026-06-27T11:00:00Z,36.0
2026-06-27T12:23:36Z,10289,GRUENOW,2026-06-27T11:00:00Z,35.2
2026-06-27T12:23:36Z,10291,ANGERMUENDE,2026-06-27T11:00:00Z,34.5
2026-06-27T12:23:36Z,10303,LINGEN-BACCUM,2026-06-27T11:00:00Z,33.3
2026-06-27T12:23:36Z,10309,AHAUS,2026-06-27T11:00:00Z,32.3
2026-06-27T12:23:36Z,10312,BELM,2026-06-27T11:00:00Z,34.5
2026-06-27T12:23:36Z,10315,MUENSTER/OSNABR.,2026-06-27T11:00:00Z,34.7
2026-06-27T12:23:36Z,10321,DIEPHOLZ,2026-06-27T11:00:00Z,36.0
2026-06-27T12:23:36Z,10325,BAD SALZUFLEN,2026-06-27T11:00:00Z,34.2
2026-06-27T12:23:36Z,10334,WUNSTORF,2026-06-27T11:00:00Z,35.2
2026-06-27T12:23:36Z,10335,BUECKEBURG,2026-06-27T11:00:00Z,34.2
2026-06-27T12:23:36Z,10338,HANNOVER,2026-06-27T11:00:00Z,35.2
2026-06-27T12:23:36Z,10343,CELLE,2026-06-27T11:00:00Z,35.7
2026-06-27T12:23:36Z,10348,BRAUNSCHWG.,2026-06-27T11:00:00Z,35.6
2026-06-27T12:23:36Z,10356,UMMENDORF,2026-06-27T11:00:00Z,36.0
2026-06-27T12:23:36Z,10359,GARDELEGEN,2026-06-27T11:00:00Z,39.4
2026-06-27T12:23:36Z,10361,MAGDEBURG,2026-06-27T11:00:00Z,38.0
2026-06-27T12:23:36Z,10365,GENTHIN,2026-06-27T11:00:00Z,38.7
2026-06-27T12:23:36Z,10368,WIESENBURG,2026-06-27T11:00:00Z,37.7
2026-06-27T12:23:36Z,10376,BARUTH,2026-06-27T11:00:00Z,36.9
2026-06-27T12:23:36Z,10379,POTSDAM,2026-06-27T11:00:00Z,38.0
2026-06-27T12:23:36Z,10381,BERLIN-DAHLEM,2026-06-27T11:00:00Z,36.1
2026-06-27T12:23:36Z,10384,BERLIN-TEMPELHOF,2026-06-27T11:00:00Z,36.8
2026-06-27T12:23:36Z,10385,BERLIN-BRANDENBURG,2026-06-27T11:00:00Z,36.6
2026-06-27T12:23:36Z,10393,LINDENBERG,2026-06-27T11:00:00Z,35.9
2026-06-27T12:23:36Z,10396,MANSCHNOW,2026-06-27T11:00:00Z,36.0
2026-06-27T12:23:36Z,10400,DUESSELDORF,2026-06-27T11:00:00Z,34.9
2026-06-27T12:23:36Z,10410,ESSEN,2026-06-27T11:00:00Z,34.2
2026-06-27T12:23:36Z,10418,LUEDENSCHEID,2026-06-27T11:00:00Z,34.7
2026-06-27T12:23:36Z,10424,WERL,2026-06-27T11:00:00Z,34.2
2026-06-27T12:23:36Z,10427,K.ASTEN,2026-06-27T11:00:00Z,31.8
2026-06-27T12:23:36Z,10430,BAD LIPPSPRINGE,2026-06-27T11:00:00Z,35.3
2026-06-27T12:23:36Z,10433,LUEDGE,2026-06-27T11:00:00Z,33.0
2026-06-27T12:23:36Z,10435,WARBURG,2026-06-27T11:00:00Z,35.0
2026-06-27T12:23:36Z,10439,FRITZLAR,2026-06-27T11:00:00Z,36.2
2026-06-27T12:23:36Z,10441,SCHAUENBURG-ELGERSH.,2026-06-27T11:00:00Z,34.1
2026-06-27T12:23:36Z,10442,ALFELD,2026-06-27T11:00:00Z,33.6
2026-06-27T12:23:36Z,10444,GOETTINGEN,2026-06-27T11:00:00Z,34.9
2026-06-27T12:23:36Z,10449,LEINEFELDE,2026-06-27T11:00:00Z,34.4
2026-06-27T12:23:36Z,10452,BRAUNLAGE,2026-06-27T11:00:00Z,32.4
2026-06-27T12:23:36Z,10453,BROCKEN,2026-06-27T11:00:00Z,28.4
2026-06-27T12:23:36Z,10454,WERNIGERODE,2026-06-27T06:00:00Z,30.1
2026-06-27T12:23:36Z,10458,HARZGERODE,2026-06-27T11:00:00Z,34.5
2026-06-27T12:23:36Z,10460,ARTERN,2026-06-27T08:00:00Z,29.4
2026-06-27T12:23:36Z,10469,LEIPZIG/SCHKEUDITZ,2026-06-27T11:00:00Z,36.9
2026-06-27T12:23:36Z,10471,LEIPZIG,2026-06-27T11:00:00Z,37.2
2026-06-27T12:23:36Z,10474,WITTENBERG,2026-06-27T11:00:00Z,37.5
2026-06-27T12:23:36Z,10476,HOLZDORF,2026-06-27T11:00:00Z,37.7
2026-06-27T12:23:36Z,10480,OSCHATZ,2026-06-27T11:00:00Z,36.3
2026-06-27T12:23:36Z,10488,DRESDEN/FLUGHAFEN,2026-06-27T11:00:00Z,36.5
2026-06-27T12:23:36Z,10490,DOBERLUG-KIRCHHAIN,2026-06-27T11:00:00Z,37.0
2026-06-27T12:23:36Z,10495,HOYERSWERDA,2026-06-27T11:00:00Z,37.6
2026-06-27T12:23:36Z,10496,COTTBUS,2026-06-27T11:00:00Z,37.0
2026-06-27T12:23:36Z,10499,GOERLITZ,2026-06-27T11:00:00Z,34.9
2026-06-27T12:23:36Z,10500,GEILENKIRCHEN,2026-06-27T11:00:00Z,34.5
2026-06-27T12:23:36Z,10502,NOERVENICH,2026-06-27T11:00:00Z,35.3
2026-06-27T12:23:36Z,10505,AACHEN-ORSBACH,2026-06-27T11:00:00Z,33.2
2026-06-27T12:23:36Z,10506,NUERBURG-BARWEILER,2026-06-27T11:00:00Z,35.7
2026-06-27T12:23:36Z,10513,KOELN/BONN,2026-06-27T11:00:00Z,34.3
2026-06-27T12:23:36Z,10519,BONN-ROLEBER,2026-06-27T11:00:00Z,34.2
2026-06-27T12:23:36Z,10520,ANDERNACH,2026-06-27T11:00:00Z,36.3
2026-06-27T12:23:36Z,10526,B.MARIENBG.,2026-06-27T11:00:00Z,33.1
2026-06-27T12:23:36Z,10532,GIESSEN,2026-06-27T11:00:00Z,36.9
2026-06-27T12:23:36Z,10534,HOHERODSKOPF (VOGELS,2026-06-27T11:00:00Z,31.4
2026-06-27T12:23:36Z,10537,NEU-ULRICHSTEIN,2026-06-27T11:00:00Z,36.1
2026-06-27T12:23:36Z,10540,EISENACH,2026-06-27T11:00:00Z,35.5
2026-06-27T12:23:36Z,10542,BAD HERSFELD,2026-06-27T11:00:00Z,36.6
2026-06-27T12:23:36Z,10544,WASSERKUPPE,2026-06-27T11:00:00Z,31.1
2026-06-27T12:23:36Z,10548,MEININGEN,2026-06-27T11:00:00Z,34.3
2026-06-27T12:23:36Z,10552,SCHMUECKE,2026-06-27T11:00:00Z,29.8
2026-06-27T12:23:36Z,10554,ERFURT,2026-06-27T11:00:00Z,36.1
2026-06-27T12:23:36Z,10557,NEUHAUS A.R.,2026-06-27T11:00:00Z,31.2
2026-06-27T12:23:36Z,10564,SCHLEIZ,2026-06-27T11:00:00Z,36.0
2026-06-27T12:23:36Z,10565,OSTERFELD,2026-06-27T11:00:00Z,36.1
2026-06-27T12:23:36Z,10567,GERA,2026-06-27T11:00:00Z,36.3
2026-06-27T12:23:36Z,10569,PLAUEN,2026-06-27T11:00:00Z,35.5
2026-06-27T12:23:36Z,10574,CARLSFELD,2026-06-27T11:00:00Z,31.2
2026-06-27T12:23:36Z,10577,CHEMNITZ,2026-06-27T11:00:00Z,34.1
2026-06-27T12:23:36Z,10578,FICHTELBERG,2026-06-27T11:00:00Z,28.9
2026-06-27T12:23:36Z,10579,MARIENBERG,2026-06-27T11:00:00Z,32.7
2026-06-27T12:23:36Z,10582,ZINNWALD-G.,2026-06-27T11:00:00Z,30.3
2026-06-27T12:23:36Z,10591,LICHTENHAIN,2026-06-27T11:00:00Z,34.8
2026-06-27T12:23:36Z,10609,TRIER,2026-06-27T11:00:00Z,37.2
2026-06-27T12:23:36Z,10613,BUECHEL,2026-06-27T11:00:00Z,35.4
2026-06-27T12:23:36Z,10615,DEUSELBACH,2026-06-27T11:00:00Z,35.6
2026-06-27T12:23:36Z,10616,HAHN,2026-06-27T11:00:00Z,35.4
2026-06-27T12:23:36Z,10618,IDAR-OBERSTEIN,2026-06-27T11:00:00Z,36.7
2026-06-27T12:23:36Z,10628,GEISENHEIM,2026-06-27T11:00:00Z,38.2
2026-06-27T12:23:36Z,10635,KL.FELDBG./TS.,2026-06-27T11:00:00Z,31.6
2026-06-27T12:23:36Z,10637,FRANKFURT/M,2026-06-27T11:00:00Z,38.8
2026-06-27T12:23:36Z,10641,OFFENBACH-WETTERPARK,2026-06-27T11:00:00Z,38.7
2026-06-27T12:23:36Z,10646,NEUHUETTEN/SPESSART,2026-06-27T11:00:00Z,34.4
2026-06-27T12:23:36Z,10648,MICHELSTADT-V.,2026-06-27T11:00:00Z,35.0
2026-06-27T12:23:36Z,10655,WUERZBURG,2026-06-27T11:00:00Z,37.4
2026-06-27T12:23:36Z,10658,KISSINGEN,2026-06-27T11:00:00Z,35.9
2026-06-27T12:23:36Z,10671,LAUTERTAL-OBERLAUTER,2026-06-27T11:00:00Z,34.7
2026-06-27T12:23:36Z,10675,BAMBERG,2026-06-27T11:00:00Z,35.9
2026-06-27T12:23:36Z,10685,HOF,2026-06-27T11:00:00Z,33.0
2026-06-27T12:23:36Z,10686,WUNSIEDEL-SCHOENBRUN,2026-06-27T11:00:00Z,33.9
2026-06-27T12:23:36Z,10688,WEIDEN,2026-06-27T11:00:00Z,34.7
2026-06-27T12:23:36Z,10704,BERUS,2026-06-27T11:00:00Z,35.7
2026-06-27T12:23:36Z,10706,THOLEY,2026-06-27T11:00:00Z,36.0
2026-06-27T12:23:36Z,10708,SAARBRUECKEN,2026-06-27T11:00:00Z,35.9
2026-06-27T12:23:36Z,10724,WEINBIET,2026-06-27T11:00:00Z,35.7
2026-06-27T12:23:36Z,10729,MANNHEIM,2026-06-27T11:00:00Z,37.8
2026-06-27T12:23:36Z,10731,RHEINSTETTEN,2026-06-27T11:00:00Z,37.8
2026-06-27T12:23:36Z,10733,WAIBSTADT,2026-06-27T11:00:00Z,37.1
2026-06-27T12:23:36Z,10736,MUEHLACKER,2026-06-27T11:00:00Z,37.0
2026-06-27T12:23:36Z,10738,STUTTGART-ECHT.,2026-06-27T11:00:00Z,35.2
2026-06-27T12:23:36Z,10739,STUTTGART-SCHN.,2026-06-27T11:00:00Z,35.8
2026-06-27T12:23:36Z,10742,OEHRINGEN,2026-06-27T11:00:00Z,37.0
2026-06-27T12:23:36Z,10743,NIEDERSTETTEN,2026-06-27T11:00:00Z,36.0
2026-06-27T12:23:36Z,10747,KAISERSBACH-CRONHUET,2026-06-27T11:00:00Z,34.7
2026-06-27T12:23:36Z,10756,FEUCHTWANGEN,2026-06-27T11:00:00Z,34.6
2026-06-27T12:23:36Z,10761,WEISSENBURG-EMETZH.,2026-06-27T11:00:00Z,35.1
2026-06-27T12:23:36Z,10763,NUERNBERG,2026-06-27T11:00:00Z,36.0
2026-06-27T12:23:36Z,10765,ROTH,2026-06-27T11:00:00Z,36.0
2026-06-27T12:23:36Z,10771,KUEMMERSBRUCK,2026-06-27T11:00:00Z,34.9
2026-06-27T12:23:36Z,10776,REGENSBURG,2026-06-27T11:00:00Z,35.4
2026-06-27T12:23:36Z,10777,GELBELSEE,2026-06-27T11:00:00Z,33.2
2026-06-27T12:23:36Z,10782,WALDMUENCHEN,2026-06-27T11:00:00Z,34.2
2026-06-27T12:23:36Z,10788,STRAUBING,2026-06-27T11:00:00Z,35.2
2026-06-27T12:23:36Z,10791,GR.ARBER,2026-06-27T11:00:00Z,26.9
2026-06-27T12:23:36Z,10796,ZWIESEL,2026-06-27T11:00:00Z,33.4
2026-06-27T12:23:36Z,10803,FREIBURG,2026-06-27T11:00:00Z,37.0
2026-06-27T12:23:36Z,10805,LAHR,2026-06-27T11:00:00Z,37.1
2026-06-27T12:23:36Z,10815,FREUDENST.,2026-06-27T11:00:00Z,33.1
2026-06-27T12:23:36Z,10818,KLIPPENECK,2026-06-27T11:00:00Z,33.1
2026-06-27T12:23:36Z,10827,MESSSTETTEN,2026-06-27T11:00:00Z,32.6
2026-06-27T12:23:36Z,10836,STOETTEN,2026-06-27T11:00:00Z,32.3
2026-06-27T12:23:36Z,10837,LAUPHEIM,2026-06-27T11:00:00Z,33.3
2026-06-27T12:23:36Z,10840,ULM-MAEHRINGEN,2026-06-27T11:00:00Z,32.4
2026-06-27T12:23:36Z,10850,HARBURG,2026-06-27T11:00:00Z,33.1
2026-06-27T12:23:36Z,10852,AUGSBURG,2026-06-27T11:00:00Z,34.3
2026-06-27T12:23:36Z,10853,NEUBURG/DONAU,2026-06-27T11:00:00Z,33.9
2026-06-27T12:23:36Z,10856,LECHFELD,2026-06-27T11:00:00Z,33.1
2026-06-27T12:23:36Z,10860,INGOLSTADT,2026-06-27T11:00:00Z,35.1
2026-06-27T12:23:36Z,10863,WEIHENSTEPHAN,2026-06-27T11:00:00Z,32.9
2026-06-27T12:23:36Z,10865,MUENCHEN STADT,2026-06-27T11:00:00Z,34.6
2026-06-27T12:23:36Z,10870,MUENCHEN-FL.,2026-06-27T11:00:00Z,33.2
2026-06-27T12:23:36Z,10872,GOTTFRIEDING,2026-06-27T11:00:00Z,34.5
2026-06-27T12:23:36Z,10875,MUEHLDORF,2026-06-27T11:00:00Z,33.3
2026-06-27T12:23:36Z,10895,FUERSTENZELL,2026-06-27T11:00:00Z,33.3
2026-06-27T12:23:36Z,10908,FELDBERG/S.,2026-06-27T11:00:00Z,25.0
2026-06-27T12:23:36Z,10929,KONSTANZ,2026-06-27T11:00:00Z,33.7
2026-06-27T12:23:36Z,10945,LEUTKIRCH-HERLAZHFN.,2026-06-27T11:00:00Z,31.8
2026-06-27T12:23:36Z,10946,KEMPTEN,2026-06-27T11:00:00Z,32.5
2026-06-27T12:23:36Z,10948,OBERSTDORF,2026-06-27T11:00:00Z,32.5
2026-06-27T12:23:36Z,10954,ALTENSTADT,2026-06-27T11:00:00Z,32.7
2026-06-27T12:23:36Z,10961,ZUGSPITZE,2026-06-27T11:00:00Z,13.9
2026-06-27T12:23:36Z,10962,HOHENPEISS.BG,2026-06-27T11:00:00Z,30.1
2026-06-27T12:23:36Z,10963,GARMISCH,2026-06-27T11:00:00Z,32.6
2026-06-27T12:23:36Z,10982,CHIEMING,2026-06-27T11:00:00Z,31.4
2026-06-27T13:27:46Z,10015,HELGOLAND,2026-06-27T12:00:00Z,27.2
2026-06-27T13:27:46Z,10020,LIST/SYLT,2026-06-27T12:00:00Z,23.1
2026-06-27T13:27:46Z,10022,LECK,2026-06-27T12:00:00Z,29.4
2026-06-27T13:27:46Z,10028,ST. PETER ORDING,2026-06-27T12:00:00Z,22.8
2026-06-27T13:27:46Z,10033,FLENSBURG,2026-06-27T12:00:00Z,33.4
2026-06-27T13:27:46Z,10037,SCHLESWIG-JAGEL,2026-06-27T12:00:00Z,35.6
2026-06-27T13:27:46Z,10038,HOHN,2026-06-27T12:00:00Z,35.3
2026-06-27T13:27:46Z,10042,OLPENITZ,2026-06-27T12:00:00Z,28.1
2026-06-27T13:27:46Z,10046,KIEL-H.,2026-06-27T12:00:00Z,34.7
2026-06-27T13:27:46Z,10055,WESTERMARKELSDORF,2026-06-27T12:00:00Z,32.3
2026-06-27T13:27:46Z,10091,ARKONA,2026-06-27T12:00:00Z,28.7
2026-06-27T13:27:46Z,10093,PUTBUS,2026-06-27T12:00:00Z,33.4
2026-06-27T13:27:46Z,10097,GREIFSWALDER OIE,2026-06-27T12:00:00Z,28.5
2026-06-27T13:27:46Z,10113,NORDERNEY,2026-06-27T12:00:00Z,22.6
2026-06-27T13:27:46Z,10124,LEUCHTTURM A. WESER,2026-06-27T12:00:00Z,21.8
2026-06-27T13:27:46Z,10126,WITTMUNDHAVEN,2026-06-27T12:00:00Z,31.5
2026-06-27T13:27:46Z,10129,BREMERHAVEN,2026-06-27T12:00:00Z,24.8
2026-06-27T13:27:46Z,10130,ELPERSBUETTEL,2026-06-27T12:00:00Z,32.5
2026-06-27T13:27:46Z,10131,CUXHAVEN,2026-06-27T12:00:00Z,27.6
2026-06-27T13:27:46Z,10136,NORDHOLZ,2026-06-27T12:00:00Z,29.5
2026-06-27T13:27:46Z,10139,BREMERVOERDE,2026-06-27T12:00:00Z,36.4
2026-06-27T13:27:46Z,10142,ITZEHOE,2026-06-27T12:00:00Z,35.9
2026-06-27T13:27:46Z,10146,QUICKBORN,2026-06-27T12:00:00Z,37.3
2026-06-27T13:27:46Z,10147,HAMBURG-FU.,2026-06-27T12:00:00Z,37.1
2026-06-27T13:27:46Z,10150,DOERNICK,2026-06-27T12:00:00Z,35.2
2026-06-27T13:27:46Z,10152,PELZERHAKEN,2026-06-27T12:00:00Z,29.9
2026-06-27T13:27:46Z,10156,LUEBECK,2026-06-27T12:00:00Z,35.9
2026-06-27T13:27:46Z,10161,BOLTENHAGEN,2026-06-27T12:00:00Z,30.5
2026-06-27T13:27:46Z,10162,SCHWERIN,2026-06-27T12:00:00Z,35.7
2026-06-27T13:27:46Z,10168,GOLDBERG,2026-06-27T12:00:00Z,36.5
2026-06-27T13:27:46Z,10170,WARNEMUENDE,2026-06-27T12:00:00Z,31.1
2026-06-27T13:27:46Z,10172,LAAGE,2026-06-27T12:00:00Z,35.5
2026-06-27T13:27:46Z,10180,BARTH,2026-06-27T12:00:00Z,33.9
2026-06-27T13:27:46Z,10184,GREIFSWALD,2026-06-27T12:00:00Z,35.7
2026-06-27T13:27:46Z,10193,UECKERMUENDE,2026-06-27T12:00:00Z,34.7
2026-06-27T13:27:46Z,10200,EMDEN-FLUGPLATZ,2026-06-27T12:00:00Z,28.9
2026-06-27T13:27:46Z,10210,FRIESOYTHE-ALTENOYTH,2026-06-27T12:00:00Z,32.8
2026-06-27T13:27:46Z,10224,BREMEN,2026-06-27T12:00:00Z,36.2
2026-06-27T13:27:46Z,10235,SOLTAU,2026-06-27T12:00:00Z,38.4
2026-06-27T13:27:46Z,10238,BERGEN-HOHNE,2026-06-27T12:00:00Z,37.6
2026-06-27T13:27:46Z,10246,FASSBERG,2026-06-27T12:00:00Z,37.7
2026-06-27T13:27:46Z,10249,BOIZENBURG,2026-06-27T12:00:00Z,36.9
2026-06-27T13:27:46Z,10253,LUECHOW,2026-06-27T12:00:00Z,38.3
2026-06-27T13:27:46Z,10261,SEEHAUSEN,2026-06-27T12:00:00Z,39.1
2026-06-27T13:27:46Z,10264,MARNITZ,2026-06-27T12:00:00Z,37.1
2026-06-27T13:27:46Z,10267,KYRITZ,2026-06-27T12:00:00Z,37.9
2026-06-27T13:27:46Z,10268,WAREN,2026-06-27T12:00:00Z,36.0
2026-06-27T13:27:46Z,10271,NEURUPPIN-ALT RUPPIN,2026-06-27T12:00:00Z,36.6
2026-06-27T13:27:46Z,10281,TROLLENHAGEN,2026-06-27T12:00:00Z,35.6
2026-06-27T13:27:46Z,10282,FELDBERG/MECKLENBURG,2026-06-27T12:00:00Z,37.0
2026-06-27T13:27:46Z,10289,GRUENOW,2026-06-27T12:00:00Z,35.7
2026-06-27T13:27:46Z,10291,ANGERMUENDE,2026-06-27T12:00:00Z,35.5
2026-06-27T13:27:46Z,10303,LINGEN-BACCUM,2026-06-27T12:00:00Z,34.3
2026-06-27T13:27:46Z,10309,AHAUS,2026-06-27T12:00:00Z,32.9
2026-06-27T13:27:46Z,10312,BELM,2026-06-27T12:00:00Z,34.9
2026-06-27T13:27:46Z,10315,MUENSTER/OSNABR.,2026-06-27T12:00:00Z,35.9
2026-06-27T13:27:46Z,10321,DIEPHOLZ,2026-06-27T12:00:00Z,36.8
2026-06-27T13:27:46Z,10325,BAD SALZUFLEN,2026-06-27T12:00:00Z,34.7
2026-06-27T13:27:46Z,10334,WUNSTORF,2026-06-27T12:00:00Z,36.7
2026-06-27T13:27:46Z,10335,BUECKEBURG,2026-06-27T12:00:00Z,35.0
2026-06-27T13:27:46Z,10338,HANNOVER,2026-06-27T12:00:00Z,36.0
2026-06-27T13:27:46Z,10343,CELLE,2026-06-27T12:00:00Z,36.9
2026-06-27T13:27:46Z,10348,BRAUNSCHWG.,2026-06-27T12:00:00Z,35.9
2026-06-27T13:27:46Z,10356,UMMENDORF,2026-06-27T12:00:00Z,37.0
2026-06-27T13:27:46Z,10359,GARDELEGEN,2026-06-27T12:00:00Z,39.6
2026-06-27T13:27:46Z,10361,MAGDEBURG,2026-06-27T12:00:00Z,38.7
2026-06-27T13:27:46Z,10365,GENTHIN,2026-06-27T12:00:00Z,39.2
2026-06-27T13:27:46Z,10368,WIESENBURG,2026-06-27T12:00:00Z,37.9
2026-06-27T13:27:46Z,10376,BARUTH,2026-06-27T12:00:00Z,38.5
2026-06-27T13:27:46Z,10379,POTSDAM,2026-06-27T12:00:00Z,38.9
2026-06-27T13:27:46Z,10381,BERLIN-DAHLEM,2026-06-27T12:00:00Z,36.6
2026-06-27T13:27:46Z,10384,BERLIN-TEMPELHOF,2026-06-27T12:00:00Z,37.7
2026-06-27T13:27:46Z,10385,BERLIN-BRANDENBURG,2026-06-27T12:00:00Z,37.4
2026-06-27T13:27:46Z,10393,LINDENBERG,2026-06-27T12:00:00Z,36.5
2026-06-27T13:27:46Z,10396,MANSCHNOW,2026-06-27T12:00:00Z,37.0
2026-06-27T13:27:46Z,10400,DUESSELDORF,2026-06-27T12:00:00Z,35.9
2026-06-27T13:27:46Z,10410,ESSEN,2026-06-27T12:00:00Z,35.7
2026-06-27T13:27:46Z,10418,LUEDENSCHEID,2026-06-27T12:00:00Z,35.4
2026-06-27T13:27:46Z,10424,WERL,2026-06-27T12:00:00Z,36.0
2026-06-27T13:27:46Z,10427,K.ASTEN,2026-06-27T12:00:00Z,32.2
2026-06-27T13:27:46Z,10430,BAD LIPPSPRINGE,2026-06-27T12:00:00Z,36.0
2026-06-27T13:27:46Z,10433,LUEDGE,2026-06-27T12:00:00Z,33.7
2026-06-27T13:27:46Z,10435,WARBURG,2026-06-27T12:00:00Z,31.8
2026-06-27T13:27:46Z,10439,FRITZLAR,2026-06-27T12:00:00Z,36.9
2026-06-27T13:27:46Z,10441,SCHAUENBURG-ELGERSH.,2026-06-27T12:00:00Z,35.4
2026-06-27T13:27:46Z,10442,ALFELD,2026-06-27T12:00:00Z,35.2
2026-06-27T13:27:46Z,10444,GOETTINGEN,2026-06-27T12:00:00Z,36.6
2026-06-27T13:27:46Z,10449,LEINEFELDE,2026-06-27T12:00:00Z,35.3
2026-06-27T13:27:46Z,10452,BRAUNLAGE,2026-06-27T12:00:00Z,32.7
2026-06-27T13:27:46Z,10453,BROCKEN,2026-06-27T12:00:00Z,28.6
2026-06-27T13:27:46Z,10458,HARZGERODE,2026-06-27T12:00:00Z,34.5
2026-06-27T13:27:46Z,10469,LEIPZIG/SCHKEUDITZ,2026-06-27T12:00:00Z,38.1
2026-06-27T13:27:46Z,10471,LEIPZIG,2026-06-27T12:00:00Z,38.5
2026-06-27T13:27:46Z,10474,WITTENBERG,2026-06-27T12:00:00Z,38.6
2026-06-27T13:27:46Z,10476,HOLZDORF,2026-06-27T12:00:00Z,39.0
2026-06-27T13:27:46Z,10480,OSCHATZ,2026-06-27T12:00:00Z,37.5
2026-06-27T13:27:46Z,10488,DRESDEN/FLUGHAFEN,2026-06-27T12:00:00Z,36.4
2026-06-27T13:27:46Z,10490,DOBERLUG-KIRCHHAIN,2026-06-27T12:00:00Z,37.7
2026-06-27T13:27:46Z,10495,HOYERSWERDA,2026-06-27T12:00:00Z,38.0
2026-06-27T13:27:46Z,10496,COTTBUS,2026-06-27T12:00:00Z,38.3
2026-06-27T13:27:46Z,10499,GOERLITZ,2026-06-27T12:00:00Z,35.7
2026-06-27T13:27:46Z,10500,GEILENKIRCHEN,2026-06-27T12:00:00Z,35.2
2026-06-27T13:27:46Z,10502,NOERVENICH,2026-06-27T12:00:00Z,36.1
2026-06-27T13:27:46Z,10505,AACHEN-ORSBACH,2026-06-27T12:00:00Z,33.6
2026-06-27T13:27:46Z,10506,NUERBURG-BARWEILER,2026-06-27T12:00:00Z,36.4
2026-06-27T13:27:46Z,10513,KOELN/BONN,2026-06-27T12:00:00Z,35.4
2026-06-27T13:27:46Z,10519,BONN-ROLEBER,2026-06-27T12:00:00Z,34.9
2026-06-27T13:27:46Z,10520,ANDERNACH,2026-06-27T12:00:00Z,38.5
2026-06-27T13:27:46Z,10526,B.MARIENBG.,2026-06-27T12:00:00Z,34.4
2026-06-27T13:27:46Z,10532,GIESSEN,2026-06-27T12:00:00Z,38.2
2026-06-27T13:27:46Z,10534,HOHERODSKOPF (VOGELS,2026-06-27T12:00:00Z,32.4
2026-06-27T13:27:46Z,10537,NEU-ULRICHSTEIN,2026-06-27T12:00:00Z,36.2
2026-06-27T13:27:46Z,10540,EISENACH,2026-06-27T12:00:00Z,36.4
2026-06-27T13:27:46Z,10542,BAD HERSFELD,2026-06-27T12:00:00Z,37.2
2026-06-27T13:27:46Z,10544,WASSERKUPPE,2026-06-27T12:00:00Z,31.4
2026-06-27T13:27:46Z,10548,MEININGEN,2026-06-27T12:00:00Z,35.2
2026-06-27T13:27:46Z,10552,SCHMUECKE,2026-06-27T12:00:00Z,30.4
2026-06-27T13:27:46Z,10554,ERFURT,2026-06-27T12:00:00Z,36.8
2026-06-27T13:27:46Z,10557,NEUHAUS A.R.,2026-06-27T12:00:00Z,31.1
2026-06-27T13:27:46Z,10564,SCHLEIZ,2026-06-27T12:00:00Z,35.9
2026-06-27T13:27:46Z,10565,OSTERFELD,2026-06-27T12:00:00Z,36.9
2026-06-27T13:27:46Z,10567,GERA,2026-06-27T12:00:00Z,36.7
2026-06-27T13:27:46Z,10569,PLAUEN,2026-06-27T12:00:00Z,35.7
2026-06-27T13:27:46Z,10574,CARLSFELD,2026-06-27T12:00:00Z,30.2
2026-06-27T13:27:46Z,10577,CHEMNITZ,2026-06-27T12:00:00Z,34.7
2026-06-27T13:27:46Z,10578,FICHTELBERG,2026-06-27T12:00:00Z,30.2
2026-06-27T13:27:46Z,10579,MARIENBERG,2026-06-27T12:00:00Z,33.2
2026-06-27T13:27:46Z,10582,ZINNWALD-G.,2026-06-27T12:00:00Z,30.7
2026-06-27T13:27:46Z,10591,LICHTENHAIN,2026-06-27T12:00:00Z,35.3
2026-06-27T13:27:46Z,10609,TRIER,2026-06-27T12:00:00Z,39.0
2026-06-27T13:27:46Z,10613,BUECHEL,2026-06-27T12:00:00Z,36.3
2026-06-27T13:27:46Z,10615,DEUSELBACH,2026-06-27T12:00:00Z,36.0
2026-06-27T13:27:46Z,10616,HAHN,2026-06-27T12:00:00Z,34.0
2026-06-27T13:27:46Z,10618,IDAR-OBERSTEIN,2026-06-27T12:00:00Z,37.5
2026-06-27T13:27:46Z,10628,GEISENHEIM,2026-06-27T12:00:00Z,39.4
2026-06-27T13:27:46Z,10635,KL.FELDBG./TS.,2026-06-27T12:00:00Z,33.4
2026-06-27T13:27:46Z,10637,FRANKFURT/M,2026-06-27T12:00:00Z,39.8
2026-06-27T13:27:46Z,10641,OFFENBACH-WETTERPARK,2026-06-27T12:00:00Z,38.7
2026-06-27T13:27:46Z,10646,NEUHUETTEN/SPESSART,2026-06-27T12:00:00Z,35.3
2026-06-27T13:27:46Z,10648,MICHELSTADT-V.,2026-06-27T12:00:00Z,35.0
2026-06-27T13:27:46Z,10655,WUERZBURG,2026-06-27T12:00:00Z,38.3
2026-06-27T13:27:46Z,10658,KISSINGEN,2026-06-27T12:00:00Z,36.8
2026-06-27T13:27:46Z,10671,LAUTERTAL-OBERLAUTER,2026-06-27T12:00:00Z,35.7
2026-06-27T13:27:46Z,10675,BAMBERG,2026-06-27T12:00:00Z,36.9
2026-06-27T13:27:46Z,10685,HOF,2026-06-27T12:00:00Z,34.7
2026-06-27T13:27:46Z,10686,WUNSIEDEL-SCHOENBRUN,2026-06-27T12:00:00Z,33.6
2026-06-27T13:27:46Z,10688,WEIDEN,2026-06-27T12:00:00Z,35.7
2026-06-27T13:27:46Z,10704,BERUS,2026-06-27T12:00:00Z,37.0
2026-06-27T13:27:46Z,10706,THOLEY,2026-06-27T12:00:00Z,36.8
2026-06-27T13:27:46Z,10708,SAARBRUECKEN,2026-06-27T12:00:00Z,36.8
2026-06-27T13:27:46Z,10724,WEINBIET,2026-06-27T12:00:00Z,36.8
2026-06-27T13:27:46Z,10729,MANNHEIM,2026-06-27T12:00:00Z,38.7
2026-06-27T13:27:46Z,10731,RHEINSTETTEN,2026-06-27T12:00:00Z,38.0
2026-06-27T13:27:46Z,10733,WAIBSTADT,2026-06-27T12:00:00Z,37.2
2026-06-27T13:27:46Z,10736,MUEHLACKER,2026-06-27T12:00:00Z,37.6
2026-06-27T13:27:46Z,10738,STUTTGART-ECHT.,2026-06-27T12:00:00Z,36.3
2026-06-27T13:27:46Z,10739,STUTTGART-SCHN.,2026-06-27T12:00:00Z,37.4
2026-06-27T13:27:46Z,10742,OEHRINGEN,2026-06-27T12:00:00Z,37.7
2026-06-27T13:27:46Z,10743,NIEDERSTETTEN,2026-06-27T12:00:00Z,37.6
2026-06-27T13:27:46Z,10747,KAISERSBACH-CRONHUET,2026-06-27T12:00:00Z,35.9
2026-06-27T13:27:46Z,10756,FEUCHTWANGEN,2026-06-27T12:00:00Z,35.7
2026-06-27T13:27:46Z,10761,WEISSENBURG-EMETZH.,2026-06-27T12:00:00Z,36.3
2026-06-27T13:27:46Z,10763,NUERNBERG,2026-06-27T12:00:00Z,36.5
2026-06-27T13:27:46Z,10765,ROTH,2026-06-27T12:00:00Z,36.5
2026-06-27T13:27:46Z,10771,KUEMMERSBRUCK,2026-06-27T12:00:00Z,35.5
2026-06-27T13:27:46Z,10776,REGENSBURG,2026-06-27T12:00:00Z,36.6
2026-06-27T13:27:46Z,10777,GELBELSEE,2026-06-27T12:00:00Z,34.0
2026-06-27T13:27:46Z,10782,WALDMUENCHEN,2026-06-27T12:00:00Z,34.9
2026-06-27T13:27:46Z,10788,STRAUBING,2026-06-27T12:00:00Z,36.0
2026-06-27T13:27:46Z,10791,GR.ARBER,2026-06-27T12:00:00Z,26.9
2026-06-27T13:27:46Z,10796,ZWIESEL,2026-06-27T12:00:00Z,33.6
2026-06-27T13:27:46Z,10803,FREIBURG,2026-06-27T12:00:00Z,37.3
2026-06-27T13:27:46Z,10805,LAHR,2026-06-27T12:00:00Z,38.3
2026-06-27T13:27:46Z,10815,FREUDENST.,2026-06-27T12:00:00Z,32.2
2026-06-27T13:27:46Z,10818,KLIPPENECK,2026-06-27T12:00:00Z,32.6
2026-06-27T13:27:46Z,10827,MESSSTETTEN,2026-06-27T12:00:00Z,32.5
2026-06-27T13:27:46Z,10836,STOETTEN,2026-06-27T12:00:00Z,32.9
2026-06-27T13:27:46Z,10837,LAUPHEIM,2026-06-27T12:00:00Z,33.8
2026-06-27T13:27:46Z,10840,ULM-MAEHRINGEN,2026-06-27T12:00:00Z,33.3
2026-06-27T13:27:46Z,10850,HARBURG,2026-06-27T12:00:00Z,34.4
2026-06-27T13:27:46Z,10852,AUGSBURG,2026-06-27T12:00:00Z,35.4
2026-06-27T13:27:46Z,10853,NEUBURG/DONAU,2026-06-27T12:00:00Z,35.2
2026-06-27T13:27:46Z,10856,LECHFELD,2026-06-27T12:00:00Z,34.5
2026-06-27T13:27:46Z,10860,INGOLSTADT,2026-06-27T12:00:00Z,36.0
2026-06-27T13:27:46Z,10863,WEIHENSTEPHAN,2026-06-27T12:00:00Z,34.2
2026-06-27T13:27:46Z,10865,MUENCHEN STADT,2026-06-27T12:00:00Z,35.9
2026-06-27T13:27:46Z,10870,MUENCHEN-FL.,2026-06-27T12:00:00Z,34.2
2026-06-27T13:27:46Z,10872,GOTTFRIEDING,2026-06-27T12:00:00Z,35.1
2026-06-27T13:27:46Z,10875,MUEHLDORF,2026-06-27T12:00:00Z,34.2
2026-06-27T13:27:46Z,10895,FUERSTENZELL,2026-06-27T12:00:00Z,33.7
2026-06-27T13:27:46Z,10908,FELDBERG/S.,2026-06-27T12:00:00Z,26.2
2026-06-27T13:27:46Z,10929,KONSTANZ,2026-06-27T12:00:00Z,35.4
2026-06-27T13:27:46Z,10945,LEUTKIRCH-HERLAZHFN.,2026-06-27T12:00:00Z,32.3
2026-06-27T13:27:46Z,10946,KEMPTEN,2026-06-27T12:00:00Z,34.6
2026-06-27T13:27:46Z,10948,OBERSTDORF,2026-06-27T12:00:00Z,32.3
2026-06-27T13:27:46Z,10954,ALTENSTADT,2026-06-27T12:00:00Z,33.4
2026-06-27T13:27:46Z,10961,ZUGSPITZE,2026-06-27T12:00:00Z,14.0
2026-06-27T13:27:46Z,10962,HOHENPEISS.BG,2026-06-27T12:00:00Z,31.4
2026-06-27T13:27:46Z,10963,GARMISCH,2026-06-27T12:00:00Z,33.3
2026-06-27T13:27:46Z,10982,CHIEMING,2026-06-27T12:00:00Z,33.3
2026-06-27T13:39:57Z,10015,HELGOLAND,2026-06-27T13:00:00Z,26.8
2026-06-27T13:39:57Z,10020,LIST/SYLT,2026-06-27T13:00:00Z,23.6
2026-06-27T13:39:57Z,10022,LECK,2026-06-27T13:00:00Z,24.0
2026-06-27T13:39:57Z,10028,ST. PETER ORDING,2026-06-27T13:00:00Z,24.8
2026-06-27T13:39:57Z,10033,FLENSBURG,2026-06-27T13:00:00Z,23.5
2026-06-27T13:39:57Z,10037,SCHLESWIG-JAGEL,2026-06-27T13:00:00Z,30.3
2026-06-27T13:39:57Z,10038,HOHN,2026-06-27T13:00:00Z,33.4
2026-06-27T13:39:57Z,10042,OLPENITZ,2026-06-27T13:00:00Z,26.3
2026-06-27T13:39:57Z,10046,KIEL-H.,2026-06-27T13:00:00Z,35.3
2026-06-27T13:39:57Z,10055,WESTERMARKELSDORF,2026-06-27T13:00:00Z,34.5
2026-06-27T13:39:57Z,10091,ARKONA,2026-06-27T13:00:00Z,29.4
2026-06-27T13:39:57Z,10093,PUTBUS,2026-06-27T13:00:00Z,33.7
2026-06-27T13:39:57Z,10097,GREIFSWALDER OIE,2026-06-27T13:00:00Z,29.0
2026-06-27T13:39:57Z,10113,NORDERNEY,2026-06-27T13:00:00Z,23.4
2026-06-27T13:39:57Z,10124,LEUCHTTURM A. WESER,2026-06-27T13:00:00Z,23.8
2026-06-27T13:39:57Z,10126,WITTMUNDHAVEN,2026-06-27T13:00:00Z,27.3
2026-06-27T13:39:57Z,10129,BREMERHAVEN,2026-06-27T13:00:00Z,26.0
2026-06-27T13:39:57Z,10130,ELPERSBUETTEL,2026-06-27T13:00:00Z,28.8
2026-06-27T13:39:57Z,10131,CUXHAVEN,2026-06-27T13:00:00Z,26.2
2026-06-27T13:39:57Z,10136,NORDHOLZ,2026-06-27T13:00:00Z,28.9
2026-06-27T13:39:57Z,10139,BREMERVOERDE,2026-06-27T13:00:00Z,36.9
2026-06-27T13:39:57Z,10142,ITZEHOE,2026-06-27T13:00:00Z,36.8
2026-06-27T13:39:57Z,10146,QUICKBORN,2026-06-27T13:00:00Z,37.7
2026-06-27T13:39:57Z,10147,HAMBURG-FU.,2026-06-27T13:00:00Z,38.3
2026-06-27T13:39:57Z,10150,DOERNICK,2026-06-27T13:00:00Z,35.5
2026-06-27T13:39:57Z,10152,PELZERHAKEN,2026-06-27T13:00:00Z,31.8
2026-06-27T13:39:57Z,10156,LUEBECK,2026-06-27T13:00:00Z,37.0
2026-06-27T13:39:57Z,10162,SCHWERIN,2026-06-27T13:00:00Z,36.6
2026-06-27T13:39:57Z,10168,GOLDBERG,2026-06-27T13:00:00Z,36.7
2026-06-27T13:39:57Z,10170,WARNEMUENDE,2026-06-27T13:00:00Z,30.6
2026-06-27T13:39:57Z,10172,LAAGE,2026-06-27T13:00:00Z,36.0
2026-06-27T13:39:57Z,10180,BARTH,2026-06-27T13:00:00Z,34.1
2026-06-27T13:39:57Z,10184,GREIFSWALD,2026-06-27T13:00:00Z,36.1
2026-06-27T13:39:57Z,10193,UECKERMUENDE,2026-06-27T13:00:00Z,34.7
2026-06-27T13:39:57Z,10200,EMDEN-FLUGPLATZ,2026-06-27T13:00:00Z,28.9
2026-06-27T13:39:57Z,10210,FRIESOYTHE-ALTENOYTH,2026-06-27T13:00:00Z,31.3
2026-06-27T13:39:57Z,10224,BREMEN,2026-06-27T13:00:00Z,36.8
2026-06-27T13:39:57Z,10235,SOLTAU,2026-06-27T13:00:00Z,38.8
2026-06-27T13:39:57Z,10238,BERGEN-HOHNE,2026-06-27T13:00:00Z,37.8
2026-06-27T13:39:57Z,10246,FASSBERG,2026-06-27T13:00:00Z,38.5
2026-06-27T13:39:57Z,10249,BOIZENBURG,2026-06-27T13:00:00Z,37.6
2026-06-27T13:39:57Z,10253,LUECHOW,2026-06-27T13:00:00Z,39.3
2026-06-27T13:39:57Z,10261,SEEHAUSEN,2026-06-27T13:00:00Z,39.5
2026-06-27T13:39:57Z,10264,MARNITZ,2026-06-27T13:00:00Z,38.1
2026-06-27T13:39:57Z,10267,KYRITZ,2026-06-27T13:00:00Z,39.0
2026-06-27T13:39:57Z,10268,WAREN,2026-06-27T13:00:00Z,37.0
2026-06-27T13:39:57Z,10271,NEURUPPIN-ALT RUPPIN,2026-06-27T13:00:00Z,37.6
2026-06-27T13:39:57Z,10281,TROLLENHAGEN,2026-06-27T13:00:00Z,36.4
2026-06-27T13:39:57Z,10282,FELDBERG/MECKLENBURG,2026-06-27T13:00:00Z,37.2
2026-06-27T13:39:57Z,10289,GRUENOW,2026-06-27T13:00:00Z,36.1
2026-06-27T13:39:57Z,10291,ANGERMUENDE,2026-06-27T13:00:00Z,36.3
2026-06-27T13:39:57Z,10303,LINGEN-BACCUM,2026-06-27T13:00:00Z,33.6
2026-06-27T13:39:57Z,10309,AHAUS,2026-06-27T13:00:00Z,33.5
2026-06-27T13:39:57Z,10312,BELM,2026-06-27T13:00:00Z,35.7
2026-06-27T13:39:57Z,10315,MUENSTER/OSNABR.,2026-06-27T13:00:00Z,36.4
2026-06-27T13:39:57Z,10321,DIEPHOLZ,2026-06-27T13:00:00Z,36.6
2026-06-27T13:39:57Z,10325,BAD SALZUFLEN,2026-06-27T13:00:00Z,35.6
2026-06-27T13:39:57Z,10334,WUNSTORF,2026-06-27T13:00:00Z,37.2
2026-06-27T13:39:57Z,10335,BUECKEBURG,2026-06-27T13:00:00Z,35.8
2026-06-27T13:39:57Z,10338,HANNOVER,2026-06-27T13:00:00Z,36.2
2026-06-27T13:39:57Z,10343,CELLE,2026-06-27T13:00:00Z,37.6
2026-06-27T13:39:57Z,10348,BRAUNSCHWG.,2026-06-27T13:00:00Z,36.9
2026-06-27T13:39:57Z,10356,UMMENDORF,2026-06-27T13:00:00Z,37.4
2026-06-27T13:39:57Z,10361,MAGDEBURG,2026-06-27T13:00:00Z,39.0
2026-06-27T13:39:57Z,10368,WIESENBURG,2026-06-27T13:00:00Z,39.1
2026-06-27T13:39:57Z,10376,BARUTH,2026-06-27T13:00:00Z,38.6
2026-06-27T13:39:57Z,10379,POTSDAM,2026-06-27T13:00:00Z,39.1
2026-06-27T13:39:57Z,10381,BERLIN-DAHLEM,2026-06-27T13:00:00Z,38.3
2026-06-27T13:39:57Z,10384,BERLIN-TEMPELHOF,2026-06-27T13:00:00Z,38.8
2026-06-27T13:39:57Z,10385,BERLIN-BRANDENBURG,2026-06-27T13:00:00Z,38.5
2026-06-27T13:39:57Z,10393,LINDENBERG,2026-06-27T13:00:00Z,37.1
2026-06-27T13:39:57Z,10396,MANSCHNOW,2026-06-27T13:00:00Z,37.5
2026-06-27T13:39:57Z,10400,DUESSELDORF,2026-06-27T13:00:00Z,36.5
2026-06-27T13:39:57Z,10410,ESSEN,2026-06-27T13:00:00Z,36.6
2026-06-27T13:39:57Z,10418,LUEDENSCHEID,2026-06-27T13:00:00Z,35.0
2026-06-27T13:39:57Z,10424,WERL,2026-06-27T13:00:00Z,36.3
2026-06-27T13:39:57Z,10427,K.ASTEN,2026-06-27T13:00:00Z,32.2
2026-06-27T13:39:57Z,10430,BAD LIPPSPRINGE,2026-06-27T13:00:00Z,36.7
2026-06-27T13:39:57Z,10433,LUEDGE,2026-06-27T13:00:00Z,34.2
2026-06-27T13:39:57Z,10435,WARBURG,2026-06-27T13:00:00Z,28.2
2026-06-27T13:39:57Z,10439,FRITZLAR,2026-06-27T13:00:00Z,37.6
2026-06-27T13:39:57Z,10441,SCHAUENBURG-ELGERSH.,2026-06-27T13:00:00Z,33.3
2026-06-27T13:39:57Z,10442,ALFELD,2026-06-27T13:00:00Z,36.5
2026-06-27T13:39:57Z,10444,GOETTINGEN,2026-06-27T13:00:00Z,35.9
2026-06-27T13:39:57Z,10449,LEINEFELDE,2026-06-27T13:00:00Z,35.6
2026-06-27T13:39:57Z,10452,BRAUNLAGE,2026-06-27T13:00:00Z,32.7
2026-06-27T13:39:57Z,10453,BROCKEN,2026-06-27T13:00:00Z,28.7
2026-06-27T13:39:57Z,10458,HARZGERODE,2026-06-27T13:00:00Z,35.0
2026-06-27T13:39:57Z,10469,LEIPZIG/SCHKEUDITZ,2026-06-27T13:00:00Z,37.7
2026-06-27T13:39:57Z,10471,LEIPZIG,2026-06-27T13:00:00Z,38.8
2026-06-27T13:39:57Z,10474,WITTENBERG,2026-06-27T13:00:00Z,39.6
2026-06-27T13:39:57Z,10476,HOLZDORF,2026-06-27T13:00:00Z,38.6
2026-06-27T13:39:57Z,10480,OSCHATZ,2026-06-27T13:00:00Z,37.8
2026-06-27T13:39:57Z,10488,DRESDEN/FLUGHAFEN,2026-06-27T13:00:00Z,37.5
2026-06-27T13:39:57Z,10490,DOBERLUG-KIRCHHAIN,2026-06-27T13:00:00Z,38.3
2026-06-27T13:39:57Z,10495,HOYERSWERDA,2026-06-27T13:00:00Z,38.3
2026-06-27T13:39:57Z,10496,COTTBUS,2026-06-27T13:00:00Z,38.6
2026-06-27T13:39:57Z,10499,GOERLITZ,2026-06-27T13:00:00Z,35.5
2026-06-27T13:39:57Z,10500,GEILENKIRCHEN,2026-06-27T13:00:00Z,36.3
2026-06-27T13:39:57Z,10502,NOERVENICH,2026-06-27T13:00:00Z,35.0
2026-06-27T13:39:57Z,10505,AACHEN-ORSBACH,2026-06-27T13:00:00Z,34.5
2026-06-27T13:39:57Z,10506,NUERBURG-BARWEILER,2026-06-27T13:00:00Z,36.7
2026-06-27T13:39:57Z,10513,KOELN/BONN,2026-06-27T13:00:00Z,37.1
2026-06-27T13:39:57Z,10519,BONN-ROLEBER,2026-06-27T13:00:00Z,35.6
2026-06-27T13:39:57Z,10526,B.MARIENBG.,2026-06-27T13:00:00Z,33.5
2026-06-27T13:39:57Z,10532,GIESSEN,2026-06-27T13:00:00Z,38.5
2026-06-27T13:39:57Z,10534,HOHERODSKOPF (VOGELS,2026-06-27T13:00:00Z,32.5
2026-06-27T13:39:57Z,10537,NEU-ULRICHSTEIN,2026-06-27T13:00:00Z,36.2
2026-06-27T13:39:57Z,10540,EISENACH,2026-06-27T13:00:00Z,36.4
2026-06-27T13:39:57Z,10542,BAD HERSFELD,2026-06-27T13:00:00Z,37.8
2026-06-27T13:39:57Z,10544,WASSERKUPPE,2026-06-27T13:00:00Z,31.9
2026-06-27T13:39:57Z,10548,MEININGEN,2026-06-27T13:00:00Z,35.4
2026-06-27T13:39:57Z,10552,SCHMUECKE,2026-06-27T13:00:00Z,31.3
2026-06-27T13:39:57Z,10554,ERFURT,2026-06-27T13:00:00Z,36.8
2026-06-27T13:39:57Z,10557,NEUHAUS A.R.,2026-06-27T13:00:00Z,32.1
2026-06-27T13:39:57Z,10564,SCHLEIZ,2026-06-27T13:00:00Z,35.8
2026-06-27T13:39:57Z,10565,OSTERFELD,2026-06-27T13:00:00Z,37.0
2026-06-27T13:39:57Z,10567,GERA,2026-06-27T13:00:00Z,36.9
2026-06-27T13:39:57Z,10569,PLAUEN,2026-06-27T13:00:00Z,36.2
2026-06-27T13:39:57Z,10574,CARLSFELD,2026-06-27T13:00:00Z,30.8
2026-06-27T13:39:57Z,10577,CHEMNITZ,2026-06-27T13:00:00Z,35.3
2026-06-27T13:39:57Z,10578,FICHTELBERG,2026-06-27T13:00:00Z,30.3
2026-06-27T13:39:57Z,10579,MARIENBERG,2026-06-27T13:00:00Z,34.3
2026-06-27T13:39:57Z,10582,ZINNWALD-G.,2026-06-27T13:00:00Z,31.2
2026-06-27T13:39:57Z,10591,LICHTENHAIN,2026-06-27T13:00:00Z,35.4
2026-06-27T13:39:57Z,10609,TRIER,2026-06-27T13:00:00Z,38.0
2026-06-27T13:39:57Z,10613,BUECHEL,2026-06-27T13:00:00Z,35.8
2026-06-27T13:39:57Z,10615,DEUSELBACH,2026-06-27T13:00:00Z,36.1
2026-06-27T13:39:57Z,10616,HAHN,2026-06-27T13:00:00Z,34.9
2026-06-27T13:39:57Z,10618,IDAR-OBERSTEIN,2026-06-27T13:00:00Z,38.0
2026-06-27T13:39:57Z,10628,GEISENHEIM,2026-06-27T13:00:00Z,39.5
2026-06-27T13:39:57Z,10635,KL.FELDBG./TS.,2026-06-27T13:00:00Z,33.6
2026-06-27T13:39:57Z,10646,NEUHUETTEN/SPESSART,2026-06-27T13:00:00Z,35.8
2026-06-27T13:39:57Z,10648,MICHELSTADT-V.,2026-06-27T13:00:00Z,35.7
2026-06-27T13:39:57Z,10655,WUERZBURG,2026-06-27T13:00:00Z,38.8
2026-06-27T13:39:57Z,10658,KISSINGEN,2026-06-27T13:00:00Z,38.5
2026-06-27T13:39:57Z,10671,LAUTERTAL-OBERLAUTER,2026-06-27T13:00:00Z,35.8
2026-06-27T13:39:57Z,10675,BAMBERG,2026-06-27T13:00:00Z,36.8
2026-06-27T13:39:57Z,10685,HOF,2026-06-27T13:00:00Z,34.7
2026-06-27T13:39:57Z,10686,WUNSIEDEL-SCHOENBRUN,2026-06-27T13:00:00Z,34.2
2026-06-27T13:39:57Z,10688,WEIDEN,2026-06-27T13:00:00Z,35.9
2026-06-27T13:39:57Z,10704,BERUS,2026-06-27T13:00:00Z,38.0
2026-06-27T13:39:57Z,10706,THOLEY,2026-06-27T13:00:00Z,36.7
2026-06-27T13:39:57Z,10708,SAARBRUECKEN,2026-06-27T13:00:00Z,37.8
2026-06-27T13:39:57Z,10724,WEINBIET,2026-06-27T13:00:00Z,37.9
2026-06-27T13:39:57Z,10729,MANNHEIM,2026-06-27T13:00:00Z,38.4
2026-06-27T13:39:57Z,10731,RHEINSTETTEN,2026-06-27T13:00:00Z,38.8
2026-06-27T13:39:57Z,10733,WAIBSTADT,2026-06-27T13:00:00Z,37.4
2026-06-27T13:39:57Z,10736,MUEHLACKER,2026-06-27T13:00:00Z,38.1
2026-06-27T13:39:57Z,10738,STUTTGART-ECHT.,2026-06-27T13:00:00Z,36.8
2026-06-27T13:39:57Z,10739,STUTTGART-SCHN.,2026-06-27T13:00:00Z,37.5
2026-06-27T13:39:57Z,10742,OEHRINGEN,2026-06-27T13:00:00Z,38.3
2026-06-27T13:39:57Z,10743,NIEDERSTETTEN,2026-06-27T13:00:00Z,37.0
2026-06-27T13:39:57Z,10747,KAISERSBACH-CRONHUET,2026-06-27T13:00:00Z,35.8
2026-06-27T13:39:57Z,10756,FEUCHTWANGEN,2026-06-27T13:00:00Z,36.0
2026-06-27T13:39:57Z,10761,WEISSENBURG-EMETZH.,2026-06-27T13:00:00Z,36.5
2026-06-27T13:39:57Z,10763,NUERNBERG,2026-06-27T13:00:00Z,36.6
2026-06-27T13:39:57Z,10765,ROTH,2026-06-27T13:00:00Z,36.9
2026-06-27T13:39:57Z,10771,KUEMMERSBRUCK,2026-06-27T13:00:00Z,36.9
2026-06-27T13:39:57Z,10776,REGENSBURG,2026-06-27T13:00:00Z,37.5
2026-06-27T13:39:57Z,10777,GELBELSEE,2026-06-27T13:00:00Z,34.6
2026-06-27T13:39:57Z,10782,WALDMUENCHEN,2026-06-27T13:00:00Z,35.0
2026-06-27T13:39:57Z,10788,STRAUBING,2026-06-27T13:00:00Z,36.2
2026-06-27T13:39:57Z,10791,GR.ARBER,2026-06-27T13:00:00Z,27.2
2026-06-27T13:39:57Z,10796,ZWIESEL,2026-06-27T13:00:00Z,34.7
2026-06-27T13:39:57Z,10803,FREIBURG,2026-06-27T13:00:00Z,38.6
2026-06-27T13:39:57Z,10805,LAHR,2026-06-27T13:00:00Z,38.7
2026-06-27T13:39:57Z,10815,FREUDENST.,2026-06-27T13:00:00Z,31.4
2026-06-27T13:39:57Z,10818,KLIPPENECK,2026-06-27T13:00:00Z,34.3
2026-06-27T13:39:57Z,10827,MESSSTETTEN,2026-06-27T13:00:00Z,33.5
2026-06-27T13:39:57Z,10836,STOETTEN,2026-06-27T13:00:00Z,33.2
2026-06-27T13:39:57Z,10837,LAUPHEIM,2026-06-27T13:00:00Z,34.7
2026-06-27T13:39:57Z,10840,ULM-MAEHRINGEN,2026-06-27T13:00:00Z,33.9
2026-06-27T13:39:57Z,10850,HARBURG,2026-06-27T13:00:00Z,34.4
2026-06-27T13:39:57Z,10852,AUGSBURG,2026-06-27T13:00:00Z,35.6
2026-06-27T13:39:57Z,10853,NEUBURG/DONAU,2026-06-27T13:00:00Z,35.6
2026-06-27T13:39:57Z,10856,LECHFELD,2026-06-27T13:00:00Z,34.9
2026-06-27T13:39:57Z,10860,INGOLSTADT,2026-06-27T13:00:00Z,36.0
2026-06-27T13:39:57Z,10863,WEIHENSTEPHAN,2026-06-27T13:00:00Z,34.4
2026-06-27T13:39:57Z,10865,MUENCHEN STADT,2026-06-27T13:00:00Z,36.3
2026-06-27T13:39:57Z,10870,MUENCHEN-FL.,2026-06-27T13:00:00Z,35.1
2026-06-27T13:39:57Z,10872,GOTTFRIEDING,2026-06-27T13:00:00Z,35.7
2026-06-27T13:39:57Z,10875,MUEHLDORF,2026-06-27T13:00:00Z,35.6
2026-06-27T13:39:57Z,10895,FUERSTENZELL,2026-06-27T13:00:00Z,34.7
2026-06-27T13:39:57Z,10908,FELDBERG/S.,2026-06-27T13:00:00Z,25.9
2026-06-27T13:39:57Z,10929,KONSTANZ,2026-06-27T13:00:00Z,36.1
2026-06-27T13:39:57Z,10945,LEUTKIRCH-HERLAZHFN.,2026-06-27T13:00:00Z,33.1
2026-06-27T13:39:57Z,10946,KEMPTEN,2026-06-27T13:00:00Z,34.0
2026-06-27T13:39:57Z,10948,OBERSTDORF,2026-06-27T13:00:00Z,33.0
2026-06-27T13:39:57Z,10954,ALTENSTADT,2026-06-27T13:00:00Z,33.8
2026-06-27T13:39:57Z,10961,ZUGSPITZE,2026-06-27T13:00:00Z,15.7
2026-06-27T13:39:57Z,10962,HOHENPEISS.BG,2026-06-27T13:00:00Z,32.7
2026-06-27T13:39:57Z,10963,GARMISCH,2026-06-27T13:00:00Z,33.7
2026-06-27T13:39:57Z,10982,CHIEMING,2026-06-27T13:00:00Z,34.2
2026-06-27T14:53:40Z,10015,HELGOLAND,2026-06-27T14:00:00Z,24.5
2026-06-27T14:53:40Z,10020,LIST/SYLT,2026-06-27T14:00:00Z,25.6
2026-06-27T14:53:40Z,10022,LECK,2026-06-27T14:00:00Z,24.2
2026-06-27T14:53:40Z,10028,ST. PETER ORDING,2026-06-27T14:00:00Z,27.4
2026-06-27T14:53:40Z,10033,FLENSBURG,2026-06-27T14:00:00Z,21.5
2026-06-27T14:53:40Z,10037,SCHLESWIG-JAGEL,2026-06-27T14:00:00Z,26.3
2026-06-27T14:53:40Z,10038,HOHN,2026-06-27T14:00:00Z,28.7
2026-06-27T14:53:40Z,10042,OLPENITZ,2026-06-27T14:00:00Z,23.9
2026-06-27T14:53:40Z,10046,KIEL-H.,2026-06-27T14:00:00Z,30.5
2026-06-27T14:53:40Z,10055,WESTERMARKELSDORF,2026-06-27T14:00:00Z,31.8
2026-06-27T14:53:40Z,10091,ARKONA,2026-06-27T14:00:00Z,27.3
2026-06-27T14:53:40Z,10093,PUTBUS,2026-06-27T14:00:00Z,33.3
2026-06-27T14:53:40Z,10097,GREIFSWALDER OIE,2026-06-27T14:00:00Z,28.9
2026-06-27T14:53:40Z,10113,NORDERNEY,2026-06-27T14:00:00Z,23.2
2026-06-27T14:53:40Z,10124,LEUCHTTURM A. WESER,2026-06-27T14:00:00Z,25.0
2026-06-27T14:53:40Z,10126,WITTMUNDHAVEN,2026-06-27T14:00:00Z,28.1
2026-06-27T14:53:40Z,10129,BREMERHAVEN,2026-06-27T14:00:00Z,28.6
2026-06-27T14:53:40Z,10130,ELPERSBUETTEL,2026-06-27T14:00:00Z,30.5
2026-06-27T14:53:40Z,10131,CUXHAVEN,2026-06-27T14:00:00Z,26.2
2026-06-27T14:53:40Z,10136,NORDHOLZ,2026-06-27T14:00:00Z,30.7
2026-06-27T14:53:40Z,10139,BREMERVOERDE,2026-06-27T14:00:00Z,32.7
2026-06-27T14:53:40Z,10142,ITZEHOE,2026-06-27T14:00:00Z,33.8
2026-06-27T14:53:40Z,10146,QUICKBORN,2026-06-27T14:00:00Z,37.6
2026-06-27T14:53:40Z,10147,HAMBURG-FU.,2026-06-27T14:00:00Z,38.8
2026-06-27T14:53:40Z,10150,DOERNICK,2026-06-27T14:00:00Z,36.4
2026-06-27T14:53:40Z,10152,PELZERHAKEN,2026-06-27T14:00:00Z,31.3
2026-06-27T14:53:40Z,10156,LUEBECK,2026-06-27T14:00:00Z,37.3
2026-06-27T14:53:40Z,10162,SCHWERIN,2026-06-27T14:00:00Z,37.4
2026-06-27T14:53:40Z,10168,GOLDBERG,2026-06-27T14:00:00Z,36.7
2026-06-27T14:53:40Z,10170,WARNEMUENDE,2026-06-27T14:00:00Z,31.1
2026-06-27T14:53:40Z,10172,LAAGE,2026-06-27T14:00:00Z,36.3
2026-06-27T14:53:40Z,10180,BARTH,2026-06-27T14:00:00Z,35.3
2026-06-27T14:53:40Z,10184,GREIFSWALD,2026-06-27T14:00:00Z,35.4
2026-06-27T14:53:40Z,10193,UECKERMUENDE,2026-06-27T14:00:00Z,33.4
2026-06-27T14:53:40Z,10200,EMDEN-FLUGPLATZ,2026-06-27T14:00:00Z,30.0
2026-06-27T14:53:40Z,10210,FRIESOYTHE-ALTENOYTH,2026-06-27T14:00:00Z,30.8
2026-06-27T14:53:40Z,10224,BREMEN,2026-06-27T14:00:00Z,36.3
2026-06-27T14:53:40Z,10235,SOLTAU,2026-06-27T14:00:00Z,38.9
2026-06-27T14:53:40Z,10238,BERGEN-HOHNE,2026-06-27T14:00:00Z,38.3
2026-06-27T14:53:40Z,10246,FASSBERG,2026-06-27T14:00:00Z,38.6
2026-06-27T14:53:40Z,10249,BOIZENBURG,2026-06-27T14:00:00Z,36.9
2026-06-27T14:53:40Z,10253,LUECHOW,2026-06-27T14:00:00Z,39.4
2026-06-27T14:53:40Z,10264,MARNITZ,2026-06-27T14:00:00Z,38.1
2026-06-27T14:53:40Z,10267,KYRITZ,2026-06-27T14:00:00Z,39.4
2026-06-27T14:53:40Z,10268,WAREN,2026-06-27T14:00:00Z,37.6
2026-06-27T14:53:40Z,10271,NEURUPPIN-ALT RUPPIN,2026-06-27T14:00:00Z,38.0
2026-06-27T14:53:40Z,10281,TROLLENHAGEN,2026-06-27T14:00:00Z,37.2
2026-06-27T14:53:40Z,10282,FELDBERG/MECKLENBURG,2026-06-27T14:00:00Z,37.7
2026-06-27T14:53:40Z,10289,GRUENOW,2026-06-27T14:00:00Z,36.2
2026-06-27T14:53:40Z,10291,ANGERMUENDE,2026-06-27T14:00:00Z,36.9
2026-06-27T14:53:40Z,10303,LINGEN-BACCUM,2026-06-27T14:00:00Z,33.5
2026-06-27T14:53:40Z,10309,AHAUS,2026-06-27T14:00:00Z,33.6
2026-06-27T14:53:40Z,10312,BELM,2026-06-27T14:00:00Z,35.9
2026-06-27T14:53:40Z,10315,MUENSTER/OSNABR.,2026-06-27T14:00:00Z,36.2
2026-06-27T14:53:40Z,10321,DIEPHOLZ,2026-06-27T14:00:00Z,36.8
2026-06-27T14:53:40Z,10325,BAD SALZUFLEN,2026-06-27T14:00:00Z,37.0
2026-06-27T14:53:40Z,10334,WUNSTORF,2026-06-27T14:00:00Z,37.6
2026-06-27T14:53:40Z,10338,HANNOVER,2026-06-27T14:00:00Z,36.9
2026-06-27T14:53:40Z,10343,CELLE,2026-06-27T14:00:00Z,38.2
2026-06-27T14:53:40Z,10348,BRAUNSCHWG.,2026-06-27T14:00:00Z,37.4
2026-06-27T14:53:40Z,10356,UMMENDORF,2026-06-27T14:00:00Z,37.8
2026-06-27T14:53:40Z,10359,GARDELEGEN,2026-06-27T13:00:00Z,39.9
2026-06-27T14:53:40Z,10361,MAGDEBURG,2026-06-27T14:00:00Z,38.0
2026-06-27T14:53:40Z,10365,GENTHIN,2026-06-27T13:00:00Z,40.5
2026-06-27T14:53:40Z,10368,WIESENBURG,2026-06-27T14:00:00Z,39.6
2026-06-27T14:53:40Z,10376,BARUTH,2026-06-27T14:00:00Z,39.7
2026-06-27T14:53:40Z,10379,POTSDAM,2026-06-27T14:00:00Z,39.9
2026-06-27T14:53:40Z,10381,BERLIN-DAHLEM,2026-06-27T14:00:00Z,38.3
2026-06-27T14:53:40Z,10384,BERLIN-TEMPELHOF,2026-06-27T14:00:00Z,39.1
2026-06-27T14:53:40Z,10385,BERLIN-BRANDENBURG,2026-06-27T14:00:00Z,38.7
2026-06-27T14:53:40Z,10393,LINDENBERG,2026-06-27T14:00:00Z,37.7
2026-06-27T14:53:40Z,10396,MANSCHNOW,2026-06-27T14:00:00Z,38.0
2026-06-27T14:53:40Z,10400,DUESSELDORF,2026-06-27T14:00:00Z,37.3
2026-06-27T14:53:40Z,10410,ESSEN,2026-06-27T14:00:00Z,35.6
2026-06-27T14:53:40Z,10418,LUEDENSCHEID,2026-06-27T14:00:00Z,35.2
2026-06-27T14:53:40Z,10424,WERL,2026-06-27T14:00:00Z,36.1
2026-06-27T14:53:40Z,10427,K.ASTEN,2026-06-27T14:00:00Z,32.1
2026-06-27T14:53:40Z,10430,BAD LIPPSPRINGE,2026-06-27T14:00:00Z,33.4
2026-06-27T14:53:40Z,10433,LUEDGE,2026-06-27T14:00:00Z,33.1
2026-06-27T14:53:40Z,10435,WARBURG,2026-06-27T14:00:00Z,25.5
2026-06-27T14:53:40Z,10439,FRITZLAR,2026-06-27T14:00:00Z,38.3
2026-06-27T14:53:40Z,10441,SCHAUENBURG-ELGERSH.,2026-06-27T14:00:00Z,30.1
2026-06-27T14:53:40Z,10442,ALFELD,2026-06-27T14:00:00Z,35.7
2026-06-27T14:53:40Z,10444,GOETTINGEN,2026-06-27T14:00:00Z,33.7
2026-06-27T14:53:40Z,10449,LEINEFELDE,2026-06-27T14:00:00Z,35.1
2026-06-27T14:53:40Z,10452,BRAUNLAGE,2026-06-27T14:00:00Z,31.8
2026-06-27T14:53:40Z,10453,BROCKEN,2026-06-27T14:00:00Z,28.3
2026-06-27T14:53:40Z,10458,HARZGERODE,2026-06-27T14:00:00Z,35.6
2026-06-27T14:53:40Z,10460,ARTERN,2026-06-27T14:00:00Z,38.9
2026-06-27T14:53:40Z,10469,LEIPZIG/SCHKEUDITZ,2026-06-27T14:00:00Z,38.2
2026-06-27T14:53:40Z,10471,LEIPZIG,2026-06-27T14:00:00Z,39.2
2026-06-27T14:53:40Z,10474,WITTENBERG,2026-06-27T14:00:00Z,39.4
2026-06-27T14:53:40Z,10476,HOLZDORF,2026-06-27T14:00:00Z,39.6
2026-06-27T14:53:40Z,10480,OSCHATZ,2026-06-27T14:00:00Z,38.1
2026-06-27T14:53:40Z,10488,DRESDEN/FLUGHAFEN,2026-06-27T14:00:00Z,37.8
2026-06-27T14:53:40Z,10490,DOBERLUG-KIRCHHAIN,2026-06-27T14:00:00Z,39.1
2026-06-27T14:53:40Z,10495,HOYERSWERDA,2026-06-27T14:00:00Z,38.7
2026-06-27T14:53:40Z,10496,COTTBUS,2026-06-27T14:00:00Z,38.5
2026-06-27T14:53:40Z,10499,GOERLITZ,2026-06-27T14:00:00Z,36.1
2026-06-27T14:53:40Z,10500,GEILENKIRCHEN,2026-06-27T14:00:00Z,37.4
2026-06-27T14:53:40Z,10502,NOERVENICH,2026-06-27T14:00:00Z,36.3
2026-06-27T14:53:40Z,10505,AACHEN-ORSBACH,2026-06-27T14:00:00Z,34.2
2026-06-27T14:53:40Z,10506,NUERBURG-BARWEILER,2026-06-27T14:00:00Z,36.7
2026-06-27T14:53:40Z,10513,KOELN/BONN,2026-06-27T14:00:00Z,37.7
2026-06-27T14:53:40Z,10519,BONN-ROLEBER,2026-06-27T14:00:00Z,37.7
2026-06-27T14:53:40Z,10520,ANDERNACH,2026-06-27T14:00:00Z,38.5
2026-06-27T14:53:40Z,10526,B.MARIENBG.,2026-06-27T14:00:00Z,33.7
2026-06-27T14:53:40Z,10532,GIESSEN,2026-06-27T14:00:00Z,38.7
2026-06-27T14:53:40Z,10534,HOHERODSKOPF (VOGELS,2026-06-27T14:00:00Z,32.2
2026-06-27T14:53:40Z,10537,NEU-ULRICHSTEIN,2026-06-27T14:00:00Z,36.3
2026-06-27T14:53:40Z,10540,EISENACH,2026-06-27T14:00:00Z,37.1
2026-06-27T14:53:40Z,10542,BAD HERSFELD,2026-06-27T14:00:00Z,37.5
2026-06-27T14:53:40Z,10544,WASSERKUPPE,2026-06-27T14:00:00Z,32.4
2026-06-27T14:53:40Z,10548,MEININGEN,2026-06-27T14:00:00Z,35.5
2026-06-27T14:53:40Z,10552,SCHMUECKE,2026-06-27T14:00:00Z,32.0
2026-06-27T14:53:40Z,10554,ERFURT,2026-06-27T14:00:00Z,37.7
2026-06-27T14:53:40Z,10557,NEUHAUS A.R.,2026-06-27T14:00:00Z,32.3
2026-06-27T14:53:40Z,10564,SCHLEIZ,2026-06-27T14:00:00Z,35.8
2026-06-27T14:53:40Z,10565,OSTERFELD,2026-06-27T14:00:00Z,37.8
2026-06-27T14:53:40Z,10567,GERA,2026-06-27T14:00:00Z,36.4
2026-06-27T14:53:40Z,10569,PLAUEN,2026-06-27T14:00:00Z,36.3
2026-06-27T14:53:40Z,10574,CARLSFELD,2026-06-27T14:00:00Z,31.5
2026-06-27T14:53:40Z,10577,CHEMNITZ,2026-06-27T14:00:00Z,36.1
2026-06-27T14:53:40Z,10578,FICHTELBERG,2026-06-27T14:00:00Z,30.6
2026-06-27T14:53:40Z,10579,MARIENBERG,2026-06-27T14:00:00Z,33.8
2026-06-27T14:53:40Z,10582,ZINNWALD-G.,2026-06-27T14:00:00Z,31.5
2026-06-27T14:53:40Z,10591,LICHTENHAIN,2026-06-27T14:00:00Z,36.0
2026-06-27T14:53:40Z,10609,TRIER,2026-06-27T14:00:00Z,38.8
2026-06-27T14:53:40Z,10613,BUECHEL,2026-06-27T14:00:00Z,35.9
2026-06-27T14:53:40Z,10615,DEUSELBACH,2026-06-27T14:00:00Z,35.1
2026-06-27T14:53:40Z,10616,HAHN,2026-06-27T14:00:00Z,36.1
2026-06-27T14:53:40Z,10618,IDAR-OBERSTEIN,2026-06-27T14:00:00Z,36.5
2026-06-27T14:53:40Z,10628,GEISENHEIM,2026-06-27T14:00:00Z,39.5
2026-06-27T14:53:40Z,10635,KL.FELDBG./TS.,2026-06-27T14:00:00Z,32.7
2026-06-27T14:53:40Z,10637,FRANKFURT/M,2026-06-27T13:00:00Z,40.3
2026-06-27T14:53:40Z,10646,NEUHUETTEN/SPESSART,2026-06-27T14:00:00Z,36.7
2026-06-27T14:53:40Z,10648,MICHELSTADT-V.,2026-06-27T14:00:00Z,36.2
2026-06-27T14:53:40Z,10655,WUERZBURG,2026-06-27T14:00:00Z,39.2
2026-06-27T14:53:40Z,10658,KISSINGEN,2026-06-27T14:00:00Z,38.0
2026-06-27T14:53:40Z,10671,LAUTERTAL-OBERLAUTER,2026-06-27T14:00:00Z,36.4
2026-06-27T14:53:40Z,10675,BAMBERG,2026-06-27T14:00:00Z,36.9
2026-06-27T14:53:40Z,10685,HOF,2026-06-27T14:00:00Z,35.2
2026-06-27T14:53:40Z,10686,WUNSIEDEL-SCHOENBRUN,2026-06-27T14:00:00Z,34.7
2026-06-27T14:53:40Z,10688,WEIDEN,2026-06-27T14:00:00Z,36.5
2026-06-27T14:53:40Z,10704,BERUS,2026-06-27T14:00:00Z,39.3
2026-06-27T14:53:40Z,10706,THOLEY,2026-06-27T14:00:00Z,37.3
2026-06-27T14:53:40Z,10708,SAARBRUECKEN,2026-06-27T14:00:00Z,37.8
2026-06-27T14:53:40Z,10724,WEINBIET,2026-06-27T14:00:00Z,37.4
2026-06-27T14:53:40Z,10729,MANNHEIM,2026-06-27T14:00:00Z,39.0
2026-06-27T14:53:40Z,10731,RHEINSTETTEN,2026-06-27T14:00:00Z,39.5
2026-06-27T14:53:40Z,10733,WAIBSTADT,2026-06-27T14:00:00Z,38.1
2026-06-27T14:53:40Z,10736,MUEHLACKER,2026-06-27T14:00:00Z,38.8
2026-06-27T14:53:40Z,10738,STUTTGART-ECHT.,2026-06-27T14:00:00Z,37.7
2026-06-27T14:53:40Z,10739,STUTTGART-SCHN.,2026-06-27T14:00:00Z,38.0
2026-06-27T14:53:40Z,10742,OEHRINGEN,2026-06-27T14:00:00Z,39.0
2026-06-27T14:53:40Z,10743,NIEDERSTETTEN,2026-06-27T14:00:00Z,37.7
2026-06-27T14:53:40Z,10747,KAISERSBACH-CRONHUET,2026-06-27T14:00:00Z,36.8
2026-06-27T14:53:40Z,10756,FEUCHTWANGEN,2026-06-27T14:00:00Z,36.8
2026-06-27T14:53:40Z,10761,WEISSENBURG-EMETZH.,2026-06-27T14:00:00Z,37.2
2026-06-27T14:53:40Z,10763,NUERNBERG,2026-06-27T14:00:00Z,37.3
2026-06-27T14:53:40Z,10765,ROTH,2026-06-27T14:00:00Z,37.3
2026-06-27T14:53:40Z,10771,KUEMMERSBRUCK,2026-06-27T14:00:00Z,37.0
2026-06-27T14:53:40Z,10776,REGENSBURG,2026-06-27T14:00:00Z,37.6
2026-06-27T14:53:40Z,10777,GELBELSEE,2026-06-27T14:00:00Z,34.7
2026-06-27T14:53:40Z,10782,WALDMUENCHEN,2026-06-27T14:00:00Z,35.5
2026-06-27T14:53:40Z,10788,STRAUBING,2026-06-27T14:00:00Z,36.9
2026-06-27T14:53:40Z,10791,GR.ARBER,2026-06-27T14:00:00Z,27.2
2026-06-27T14:53:40Z,10796,ZWIESEL,2026-06-27T14:00:00Z,34.6
2026-06-27T14:53:40Z,10803,FREIBURG,2026-06-27T14:00:00Z,38.3
2026-06-27T14:53:40Z,10805,LAHR,2026-06-27T14:00:00Z,39.8
2026-06-27T14:53:40Z,10815,FREUDENST.,2026-06-27T14:00:00Z,33.7
2026-06-27T14:53:40Z,10818,KLIPPENECK,2026-06-27T14:00:00Z,34.8
2026-06-27T14:53:40Z,10827,MESSSTETTEN,2026-06-27T14:00:00Z,34.1
2026-06-27T14:53:40Z,10836,STOETTEN,2026-06-27T14:00:00Z,33.5
2026-06-27T14:53:40Z,10837,LAUPHEIM,2026-06-27T14:00:00Z,34.8
2026-06-27T14:53:40Z,10840,ULM-MAEHRINGEN,2026-06-27T14:00:00Z,34.8
2026-06-27T14:53:40Z,10850,HARBURG,2026-06-27T14:00:00Z,34.6
2026-06-27T14:53:40Z,10852,AUGSBURG,2026-06-27T14:00:00Z,35.4
2026-06-27T14:53:40Z,10853,NEUBURG/DONAU,2026-06-27T14:00:00Z,35.8
2026-06-27T14:53:40Z,10856,LECHFELD,2026-06-27T14:00:00Z,35.5
2026-06-27T14:53:40Z,10860,INGOLSTADT,2026-06-27T14:00:00Z,37.0
2026-06-27T14:53:40Z,10863,WEIHENSTEPHAN,2026-06-27T14:00:00Z,34.8
2026-06-27T14:53:40Z,10865,MUENCHEN STADT,2026-06-27T14:00:00Z,36.3
2026-06-27T14:53:40Z,10870,MUENCHEN-FL.,2026-06-27T14:00:00Z,35.3
2026-06-27T14:53:40Z,10872,GOTTFRIEDING,2026-06-27T14:00:00Z,36.0
2026-06-27T14:53:40Z,10875,MUEHLDORF,2026-06-27T14:00:00Z,35.2
2026-06-27T14:53:40Z,10895,FUERSTENZELL,2026-06-27T14:00:00Z,34.4
2026-06-27T14:53:40Z,10908,FELDBERG/S.,2026-06-27T14:00:00Z,27.5
2026-06-27T14:53:40Z,10929,KONSTANZ,2026-06-27T14:00:00Z,37.6
2026-06-27T14:53:40Z,10945,LEUTKIRCH-HERLAZHFN.,2026-06-27T14:00:00Z,33.4
2026-06-27T14:53:40Z,10946,KEMPTEN,2026-06-27T14:00:00Z,34.3
2026-06-27T14:53:40Z,10948,OBERSTDORF,2026-06-27T14:00:00Z,32.8
2026-06-27T14:53:40Z,10954,ALTENSTADT,2026-06-27T14:00:00Z,34.1
2026-06-27T14:53:40Z,10961,ZUGSPITZE,2026-06-27T14:00:00Z,14.4
2026-06-27T14:53:40Z,10962,HOHENPEISS.BG,2026-06-27T14:00:00Z,31.4
2026-06-27T14:53:40Z,10963,GARMISCH,2026-06-27T14:00:00Z,34.5
2026-06-27T14:53:40Z,10982,CHIEMING,2026-06-27T14:00:00Z,35.0
